member,expression,augmentation,feat_0,feat_1,feat_2,feat_3,feat_4,feat_5,feat_6,feat_7,feat_8,feat_9,feat_10,feat_11,feat_12,feat_13,feat_14,feat_15,feat_16,feat_17,feat_18,feat_19,feat_20,feat_21,feat_22,feat_23,feat_24,feat_25,feat_26,feat_27,feat_28,feat_29,feat_30,feat_31,feat_32,feat_33,feat_34,feat_35,feat_36,feat_37,feat_38,feat_39,feat_40,feat_41,feat_42,feat_43,feat_44,feat_45,feat_46,feat_47,feat_48,feat_49,feat_50,feat_51,feat_52,feat_53,feat_54,feat_55,feat_56,feat_57,feat_58,feat_59,feat_60,feat_61,feat_62,feat_63,feat_64,feat_65,feat_66,feat_67,feat_68,feat_69,feat_70,feat_71,feat_72,feat_73,feat_74,feat_75,feat_76,feat_77,feat_78,feat_79,feat_80,feat_81,feat_82,feat_83,feat_84,feat_85,feat_86,feat_87,feat_88,feat_89,feat_90,feat_91,feat_92,feat_93,feat_94,feat_95
david,neutral,original,3.908344e-06,0.00026125417,0.0017126921,0.0038118914,0.015205458,0.027482823,0.01821009,0.008425598,0.005219267,0.0048288517,0.0067147673,0.0047848364,0.004375112,0.004361014,0.004564434,0.0045781597,0.008151083,0.022181014,0.0233008,0.016302586,0.013391474,0.013371002,0.01372066,0.015142646,0.011066383,0.010414387,0.009282875,0.007568415,0.008451281,0.0076413704,0.006961365,0.031845838,9.305580306318006e-08,2.8195909180794843e-05,0.0008128424524329603,0.0029005028773099184,0.00813712552189827,0.023617470636963844,0.023259298875927925,0.011611688882112503,0.007402217015624046,0.006267773453146219,0.005732516758143902,0.006581511348485947,0.0058336216025054455,0.0054334355518221855,0.004410147201269865,0.005619035102427006,0.007417478132992983,0.003906482830643654,0.002546518575400114,0.0020592783112078905,0.001558498595841229,0.0012396894162520766,0.0014168211491778493,0.002620172221213579,0.006063609384000301,0.014516565948724747,0.017772868275642395,0.015076063573360443,0.010831323452293873,0.011649935506284237,0.011275106109678745,0.10573545098304749,0.0,2.3263950765795016e-07,5.53682039026171e-05,0.0010274756932631135,0.004149637650698423,0.0101854233071208,0.02409740537405014,0.019935159012675285,0.01042369194328785,0.007730657234787941,0.008166391402482986,0.008563041687011719,0.0069123245775699615,0.006364365573972464,0.005368947517126799,0.004499480593949556,0.0041098096407949924,0.0034351549111306667,0.002646600129082799,0.0023712480906397104,0.0026436687912791967,0.002452206565067172,0.001354752923361957,0.0010919168125838041,0.0009922540048137307,0.0008738870383240283,0.0007367227808572352,0.0007289526402018964,0.0010712118819355965,0.003055999055504799,0.007470892276614904,0.18081845343112946
david,neutral,rotated,3.908344e-06,0.00026125417,0.0017126921,0.0038118914,0.015205458,0.027482823,0.01821009,0.008425598,0.005219267,0.0048288517,0.0067147673,0.0047848364,0.004375112,0.004361014,0.004564434,0.0045781597,0.008151083,0.022181014,0.0233008,0.016302586,0.013391474,0.013371002,0.01372066,0.015142646,0.011066383,0.010414387,0.009282875,0.007568415,0.008451281,0.0076413704,0.006961365,0.031845838,9.305580306318006e-08,2.8195909180794843e-05,0.0008128424524329603,0.0029005028773099184,0.00813712552189827,0.023617470636963844,0.023259298875927925,0.011611688882112503,0.007402217015624046,0.006267773453146219,0.005732516758143902,0.006581511348485947,0.0058336216025054455,0.0054334355518221855,0.004410147201269865,0.005619035102427006,0.007417478132992983,0.003906482830643654,0.002546518575400114,0.0020592783112078905,0.001558498595841229,0.0012396894162520766,0.0014168211491778493,0.002620172221213579,0.006063609384000301,0.014516565948724747,0.017772868275642395,0.015076063573360443,0.010831323452293873,0.011649935506284237,0.011275106109678745,0.10573545098304749,0.0,2.3263950765795016e-07,5.53682039026171e-05,0.0010274756932631135,0.004149637650698423,0.0101854233071208,0.02409740537405014,0.019935159012675285,0.01042369194328785,0.007730657234787941,0.008166391402482986,0.008563041687011719,0.0069123245775699615,0.006364365573972464,0.005368947517126799,0.004499480593949556,0.0041098096407949924,0.0034351549111306667,0.002646600129082799,0.0023712480906397104,0.0026436687912791967,0.002452206565067172,0.001354752923361957,0.0010919168125838041,0.0009922540048137307,0.0008738870383240283,0.0007367227808572352,0.0007289526402018964,0.0010712118819355965,0.003055999055504799,0.007470892276614904,0.18081845343112946
david,neutral,flipped,3.908344e-06,0.00026125417,0.0017126921,0.0038118914,0.015205458,0.027482823,0.01821009,0.008425598,0.005219267,0.0048288517,0.0067147673,0.0047848364,0.004375112,0.004361014,0.004564434,0.0045781597,0.008151083,0.022181014,0.0233008,0.016302586,0.013391474,0.013371002,0.01372066,0.015142646,0.011066383,0.010414387,0.009282875,0.007568415,0.008451281,0.0076413704,0.006961365,0.031845838,9.305580306318006e-08,2.8195909180794843e-05,0.0008128424524329603,0.0029005028773099184,0.00813712552189827,0.023617470636963844,0.023259298875927925,0.011611688882112503,0.007402217015624046,0.006267773453146219,0.005732516758143902,0.006581511348485947,0.0058336216025054455,0.0054334355518221855,0.004410147201269865,0.005619035102427006,0.007417478132992983,0.003906482830643654,0.002546518575400114,0.0020592783112078905,0.001558498595841229,0.0012396894162520766,0.0014168211491778493,0.002620172221213579,0.006063609384000301,0.014516565948724747,0.017772868275642395,0.015076063573360443,0.010831323452293873,0.011649935506284237,0.011275106109678745,0.10573545098304749,0.0,2.3263950765795016e-07,5.53682039026171e-05,0.0010274756932631135,0.004149637650698423,0.0101854233071208,0.02409740537405014,0.019935159012675285,0.01042369194328785,0.007730657234787941,0.008166391402482986,0.008563041687011719,0.0069123245775699615,0.006364365573972464,0.005368947517126799,0.004499480593949556,0.0041098096407949924,0.0034351549111306667,0.002646600129082799,0.0023712480906397104,0.0026436687912791967,0.002452206565067172,0.001354752923361957,0.0010919168125838041,0.0009922540048137307,0.0008738870383240283,0.0007367227808572352,0.0007289526402018964,0.0010712118819355965,0.003055999055504799,0.007470892276614904,0.18081845343112946
david,neutral,grayscale,1.395837e-07,8.2773135e-05,0.0025775528,0.008345849,0.024398394,0.07443315,0.068415694,0.03384961,0.020871533,0.017094817,0.016002992,0.017520966,0.016845241,0.015406552,0.017505473,0.01888107,0.01745913,0.012023461,0.008494925,0.0073754634,0.0064395545,0.007054002,0.014636468,0.03800585,0.0634715,0.05265209,0.039264757,0.039791267,0.04093027,0.07945063,0.07881817,0.14190066,,,,,,,,,,,,,,,,,,,,,,,,,,,,,,,,,,,,,,,,,,,,,,,,,,,,,,,,,,,,,,,,
david,smile,original,4.299178e-05,0.00083117443,0.002448624,0.0083043,0.027261768,0.021192715,0.010249585,0.006205519,0.0051147193,0.006264703,0.0044567683,0.0040219184,0.0046946188,0.0050637713,0.00709276,0.015906075,0.023078863,0.02363194,0.015118265,0.012632232,0.01500925,0.015059174,0.011228718,0.010596078,0.007843115,0.009064798,0.008436765,0.008025691,0.006825457,0.0053068795,0.0075312387,0.024792857,2.2333392735163216e-06,0.0001723393506836146,0.001956312218680978,0.004778229631483555,0.017707355320453644,0.026421381160616875,0.013930360786616802,0.00865879561752081,0.006522513926029205,0.006201610900461674,0.006556851323693991,0.005983488168567419,0.004828805103898048,0.004923396278172731,0.006878917571157217,0.006355618126690388,0.0035044350661337376,0.002377436263486743,0.001919973874464631,0.001781692961230874,0.0015856244135648012,0.0024793322663754225,0.0060409968718886375,0.011463264934718609,0.015475599095225334,0.017973076552152634,0.013852240517735481,0.010925635695457458,0.011073407717049122,0.013053542003035545,0.012279132381081581,0.08566973358392715,0.0,2.74514627562894e-06,0.00015219276247080415,0.001989533193409443,0.006731051951646805,0.015179960988461971,0.024817470461130142,0.014445843175053596,0.008804055862128735,0.007964925840497017,0.008949129842221737,0.007776394486427307,0.006037972401827574,0.0055894432589411736,0.005159525666385889,0.004159082658588886,0.0036182887852191925,0.0028029337991029024,0.002402421785518527,0.0029232550878077745,0.002238410757854581,0.0011839955113828182,0.001102106412872672,0.0010668382747098804,0.0009536358993500471,0.0008126563625410199,0.0009806685848161578,0.0018212881404906511,0.004935307428240776,0.00841671135276556,0.014734409749507904,0.16558107733726501
david,smile,rotated,4.299178e-05,0.00083117443,0.002448624,0.0083043,0.027261768,0.021192715,0.010249585,0.006205519,0.0051147193,0.006264703,0.0044567683,0.0040219184,0.0046946188,0.0050637713,0.00709276,0.015906075,0.023078863,0.02363194,0.015118265,0.012632232,0.01500925,0.015059174,0.011228718,0.010596078,0.007843115,0.009064798,0.008436765,0.008025691,0.006825457,0.0053068795,0.0075312387,0.024792857,2.2333392735163216e-06,0.0001723393506836146,0.001956312218680978,0.004778229631483555,0.017707355320453644,0.026421381160616875,0.013930360786616802,0.00865879561752081,0.006522513926029205,0.006201610900461674,0.006556851323693991,0.005983488168567419,0.004828805103898048,0.004923396278172731,0.006878917571157217,0.006355618126690388,0.0035044350661337376,0.002377436263486743,0.001919973874464631,0.001781692961230874,0.0015856244135648012,0.0024793322663754225,0.0060409968718886375,0.011463264934718609,0.015475599095225334,0.017973076552152634,0.013852240517735481,0.010925635695457458,0.011073407717049122,0.013053542003035545,0.012279132381081581,0.08566973358392715,0.0,2.74514627562894e-06,0.00015219276247080415,0.001989533193409443,0.006731051951646805,0.015179960988461971,0.024817470461130142,0.014445843175053596,0.008804055862128735,0.007964925840497017,0.008949129842221737,0.007776394486427307,0.006037972401827574,0.0055894432589411736,0.005159525666385889,0.004159082658588886,0.0036182887852191925,0.0028029337991029024,0.002402421785518527,0.0029232550878077745,0.002238410757854581,0.0011839955113828182,0.001102106412872672,0.0010668382747098804,0.0009536358993500471,0.0008126563625410199,0.0009806685848161578,0.0018212881404906511,0.004935307428240776,0.00841671135276556,0.014734409749507904,0.16558107733726501
david,smile,flipped,4.299178e-05,0.00083117443,0.002448624,0.0083043,0.027261768,0.021192715,0.010249585,0.006205519,0.0051147193,0.006264703,0.0044567683,0.0040219184,0.0046946188,0.0050637713,0.00709276,0.015906075,0.023078863,0.02363194,0.015118265,0.012632232,0.01500925,0.015059174,0.011228718,0.010596078,0.007843115,0.009064798,0.008436765,0.008025691,0.006825457,0.0053068795,0.0075312387,0.024792857,2.2333392735163216e-06,0.0001723393506836146,0.001956312218680978,0.004778229631483555,0.017707355320453644,0.026421381160616875,0.013930360786616802,0.00865879561752081,0.006522513926029205,0.006201610900461674,0.006556851323693991,0.005983488168567419,0.004828805103898048,0.004923396278172731,0.006878917571157217,0.006355618126690388,0.0035044350661337376,0.002377436263486743,0.001919973874464631,0.001781692961230874,0.0015856244135648012,0.0024793322663754225,0.0060409968718886375,0.011463264934718609,0.015475599095225334,0.017973076552152634,0.013852240517735481,0.010925635695457458,0.011073407717049122,0.013053542003035545,0.012279132381081581,0.08566973358392715,0.0,2.74514627562894e-06,0.00015219276247080415,0.001989533193409443,0.006731051951646805,0.015179960988461971,0.024817470461130142,0.014445843175053596,0.008804055862128735,0.007964925840497017,0.008949129842221737,0.007776394486427307,0.006037972401827574,0.0055894432589411736,0.005159525666385889,0.004159082658588886,0.0036182887852191925,0.0028029337991029024,0.002402421785518527,0.0029232550878077745,0.002238410757854581,0.0011839955113828182,0.001102106412872672,0.0010668382747098804,0.0009536358993500471,0.0008126563625410199,0.0009806685848161578,0.0018212881404906511,0.004935307428240776,0.00841671135276556,0.014734409749507904,0.16558107733726501
david,smile,grayscale,7.53752e-06,0.0005241368,0.0056669586,0.01322416,0.055080708,0.07986519,0.041665595,0.024039246,0.018091025,0.017292745,0.016944485,0.017006181,0.015335782,0.018215116,0.019597413,0.016031748,0.012310864,0.008424714,0.006795214,0.0073274467,0.014104096,0.030343404,0.047184598,0.056828994,0.052643295,0.038312376,0.041702308,0.04585283,0.037004057,0.055107787,0.07317089,0.114299096,,,,,,,,,,,,,,,,,,,,,,,,,,,,,,,,,,,,,,,,,,,,,,,,,,,,,,,,,,,,,,,,
david,suprised,original,7.584048e-06,0.0004514137,0.002293081,0.0038102164,0.0141764,0.027406795,0.01809633,0.008061424,0.0054742405,0.005151383,0.006467146,0.004581137,0.0040838006,0.004354965,0.0042214766,0.004846067,0.008101392,0.020358656,0.023347702,0.017574146,0.012950995,0.013297163,0.014215112,0.014886277,0.010678386,0.010330544,0.008619061,0.0076683564,0.007953945,0.0078082657,0.007403194,0.03465668,5.350708761397982e-06,0.00016708170005585998,0.0020229401998221874,0.0030151475220918655,0.0101171201094985,0.024695195257663727,0.019558561965823174,0.011054238304495811,0.007371136453002691,0.006342776585370302,0.0068279230035841465,0.006418989505618811,0.00522968964651227,0.004958059638738632,0.0052871983498334885,0.007344243116676807,0.005827479995787144,0.0031097852624952793,0.0023673861287534237,0.0018320826347917318,0.0014884740812703967,0.0012969187228009105,0.001698733656667173,0.003683567512780428,0.0074553051963448524,0.015115705318748951,0.01945936493575573,0.013515704311430454,0.010017224587500095,0.010321098379790783,0.012322449125349522,0.1034063994884491,2.791674091895402e-07,2.977785698021762e-06,0.0001497267949162051,0.001934025320224464,0.004763340577483177,0.010807221755385399,0.023974059149622917,0.017572378739714622,0.010190308094024658,0.008177092298865318,0.008214780129492283,0.00863553211092949,0.007411848288029432,0.006464912556111813,0.005835994612425566,0.004872913472354412,0.0041777403093874454,0.0031572903972119093,0.002213425235822797,0.0021752258762717247,0.0026575340889394283,0.0018317104550078511,0.0012470873771235347,0.0011516585946083069,0.0010908001568168402,0.0010216131340712309,0.0008578814449720085,0.0008848211145959795,0.0014338503824546933,0.004021360073238611,0.00878763198852539,0.17761631309986115
david,suprised,rotated,7.584048e-06,0.0004514137,0.002293081,0.0038102164,0.0141764,0.027406795,0.01809633,0.008061424,0.0054742405,0.005151383,0.006467146,0.004581137,0.0040838006,0.004354965,0.0042214766,0.004846067,0.008101392,0.020358656,0.023347702,0.017574146,0.012950995,0.013297163,0.014215112,0.014886277,0.010678386,0.010330544,0.008619061,0.0076683564,0.007953945,0.0078082657,0.007403194,0.03465668,5.350708761397982e-06,0.00016708170005585998,0.0020229401998221874,0.0030151475220918655,0.0101171201094985,0.024695195257663727,0.019558561965823174,0.011054238304495811,0.007371136453002691,0.006342776585370302,0.0068279230035841465,0.006418989505618811,0.00522968964651227,0.004958059638738632,0.0052871983498334885,0.007344243116676807,0.005827479995787144,0.0031097852624952793,0.0023673861287534237,0.0018320826347917318,0.0014884740812703967,0.0012969187228009105,0.001698733656667173,0.003683567512780428,0.0074553051963448524,0.015115705318748951,0.01945936493575573,0.013515704311430454,0.010017224587500095,0.010321098379790783,0.012322449125349522,0.1034063994884491,2.791674091895402e-07,2.977785698021762e-06,0.0001497267949162051,0.001934025320224464,0.004763340577483177,0.010807221755385399,0.023974059149622917,0.017572378739714622,0.010190308094024658,0.008177092298865318,0.008214780129492283,0.00863553211092949,0.007411848288029432,0.006464912556111813,0.005835994612425566,0.004872913472354412,0.0041777403093874454,0.0031572903972119093,0.002213425235822797,0.0021752258762717247,0.0026575340889394283,0.0018317104550078511,0.0012470873771235347,0.0011516585946083069,0.0010908001568168402,0.0010216131340712309,0.0008578814449720085,0.0008848211145959795,0.0014338503824546933,0.004021360073238611,0.00878763198852539,0.17761631309986115
david,suprised,flipped,7.584048e-06,0.0004514137,0.002293081,0.0038102164,0.0141764,0.027406795,0.01809633,0.008061424,0.0054742405,0.005151383,0.006467146,0.004581137,0.0040838006,0.004354965,0.0042214766,0.004846067,0.008101392,0.020358656,0.023347702,0.017574146,0.012950995,0.013297163,0.014215112,0.014886277,0.010678386,0.010330544,0.008619061,0.0076683564,0.007953945,0.0078082657,0.007403194,0.03465668,5.350708761397982e-06,0.00016708170005585998,0.0020229401998221874,0.0030151475220918655,0.0101171201094985,0.024695195257663727,0.019558561965823174,0.011054238304495811,0.007371136453002691,0.006342776585370302,0.0068279230035841465,0.006418989505618811,0.00522968964651227,0.004958059638738632,0.0052871983498334885,0.007344243116676807,0.005827479995787144,0.0031097852624952793,0.0023673861287534237,0.0018320826347917318,0.0014884740812703967,0.0012969187228009105,0.001698733656667173,0.003683567512780428,0.0074553051963448524,0.015115705318748951,0.01945936493575573,0.013515704311430454,0.010017224587500095,0.010321098379790783,0.012322449125349522,0.1034063994884491,2.791674091895402e-07,2.977785698021762e-06,0.0001497267949162051,0.001934025320224464,0.004763340577483177,0.010807221755385399,0.023974059149622917,0.017572378739714622,0.010190308094024658,0.008177092298865318,0.008214780129492283,0.00863553211092949,0.007411848288029432,0.006464912556111813,0.005835994612425566,0.004872913472354412,0.0041777403093874454,0.0031572903972119093,0.002213425235822797,0.0021752258762717247,0.0026575340889394283,0.0018317104550078511,0.0012470873771235347,0.0011516585946083069,0.0010908001568168402,0.0010216131340712309,0.0008578814449720085,0.0008848211145959795,0.0014338503824546933,0.004021360073238611,0.00878763198852539,0.17761631309986115
david,suprised,grayscale,1.0608362e-05,0.00034574885,0.005692084,0.008557738,0.028613683,0.07483445,0.0612055,0.032064192,0.020957517,0.0178113,0.018046219,0.018218605,0.015122498,0.013675992,0.018640287,0.02075484,0.016811183,0.010558809,0.008489062,0.007093365,0.0060439743,0.007641789,0.018533785,0.039543506,0.065153904,0.051987533,0.03557556,0.03839445,0.044725828,0.06928056,0.07514321,0.15047221,,,,,,,,,,,,,,,,,,,,,,,,,,,,,,,,,,,,,,,,,,,,,,,,,,,,,,,,,,,,,,,,
nicolle,neutral,original,0.0012036976,0.0070980843,0.016350271,0.012901956,0.011291824,0.0067918673,0.0041586603,0.004065431,0.006512656,0.005523371,0.006194836,0.007225307,0.006911966,0.007997261,0.0085301045,0.006843028,0.008006625,0.008256728,0.008279052,0.008333469,0.009438713,0.009774175,0.014458825,0.019758012,0.028785337,0.024881598,0.02019559,0.016746867,0.012588548,0.0037029649,0.0025776364,0.01794887,0.002739938907325268,0.013418990187346935,0.013959839940071106,0.012139908038079739,0.01315226312726736,0.009450112469494343,0.008371330797672272,0.011814896948635578,0.013113316148519516,0.011965868063271046,0.011155509389936924,0.009251508861780167,0.00596352806314826,0.004621004685759544,0.004717762116342783,0.005134849343448877,0.007114640437066555,0.007473510690033436,0.010061799548566341,0.013011673465371132,0.020781494677066803,0.028356308117508888,0.02387663908302784,0.01928623579442501,0.015216733328998089,0.01023333054035902,0.0035498226061463356,0.0021908790804445744,0.0018231880385428667,0.0014429445145651698,0.0020020464435219765,0.01594146341085434,0.0016108786221593618,0.009744048118591309,0.01408848725259304,0.010186851024627686,0.012661759741604328,0.020584315061569214,0.016811395063996315,0.015237496234476566,0.014361049979925156,0.010222270153462887,0.006279515568166971,0.005388684570789337,0.0053338599391281605,0.005497044418007135,0.008213778026401997,0.014745228923857212,0.016859909519553185,0.024376844987273216,0.02805327996611595,0.023716507479548454,0.019151005893945694,0.01443195529282093,0.007409186568111181,0.003075535874813795,0.0024374539498239756,0.0015257240738719702,0.0008222327451221645,0.0009278785437345505,0.001320539158768952,0.0016775093972682953,0.001670520636253059,0.014910584315657616
nicolle,neutral,rotated,0.0012036976,0.0070980843,0.016350271,0.012901956,0.011291824,0.0067918673,0.0041586603,0.004065431,0.006512656,0.005523371,0.006194836,0.007225307,0.006911966,0.007997261,0.0085301045,0.006843028,0.008006625,0.008256728,0.008279052,0.008333469,0.009438713,0.009774175,0.014458825,0.019758012,0.028785337,0.024881598,0.02019559,0.016746867,0.012588548,0.0037029649,0.0025776364,0.01794887,0.002739938907325268,0.013418990187346935,0.013959839940071106,0.012139908038079739,0.01315226312726736,0.009450112469494343,0.008371330797672272,0.011814896948635578,0.013113316148519516,0.011965868063271046,0.011155509389936924,0.009251508861780167,0.00596352806314826,0.004621004685759544,0.004717762116342783,0.005134849343448877,0.007114640437066555,0.007473510690033436,0.010061799548566341,0.013011673465371132,0.020781494677066803,0.028356308117508888,0.02387663908302784,0.01928623579442501,0.015216733328998089,0.01023333054035902,0.0035498226061463356,0.0021908790804445744,0.0018231880385428667,0.0014429445145651698,0.0020020464435219765,0.01594146341085434,0.0016108786221593618,0.009744048118591309,0.01408848725259304,0.010186851024627686,0.012661759741604328,0.020584315061569214,0.016811395063996315,0.015237496234476566,0.014361049979925156,0.010222270153462887,0.006279515568166971,0.005388684570789337,0.0053338599391281605,0.005497044418007135,0.008213778026401997,0.014745228923857212,0.016859909519553185,0.024376844987273216,0.02805327996611595,0.023716507479548454,0.019151005893945694,0.01443195529282093,0.007409186568111181,0.003075535874813795,0.0024374539498239756,0.0015257240738719702,0.0008222327451221645,0.0009278785437345505,0.001320539158768952,0.0016775093972682953,0.001670520636253059,0.014910584315657616
nicolle,neutral,flipped,0.0012036976,0.0070980843,0.016350271,0.012901956,0.011291824,0.0067918673,0.0041586603,0.004065431,0.006512656,0.005523371,0.006194836,0.007225307,0.006911966,0.007997261,0.0085301045,0.006843028,0.008006625,0.008256728,0.008279052,0.008333469,0.009438713,0.009774175,0.014458825,0.019758012,0.028785337,0.024881598,0.02019559,0.016746867,0.012588548,0.0037029649,0.0025776364,0.01794887,0.002739938907325268,0.013418990187346935,0.013959839940071106,0.012139908038079739,0.01315226312726736,0.009450112469494343,0.008371330797672272,0.011814896948635578,0.013113316148519516,0.011965868063271046,0.011155509389936924,0.009251508861780167,0.00596352806314826,0.004621004685759544,0.004717762116342783,0.005134849343448877,0.007114640437066555,0.007473510690033436,0.010061799548566341,0.013011673465371132,0.020781494677066803,0.028356308117508888,0.02387663908302784,0.01928623579442501,0.015216733328998089,0.01023333054035902,0.0035498226061463356,0.0021908790804445744,0.0018231880385428667,0.0014429445145651698,0.0020020464435219765,0.01594146341085434,0.0016108786221593618,0.009744048118591309,0.01408848725259304,0.010186851024627686,0.012661759741604328,0.020584315061569214,0.016811395063996315,0.015237496234476566,0.014361049979925156,0.010222270153462887,0.006279515568166971,0.005388684570789337,0.0053338599391281605,0.005497044418007135,0.008213778026401997,0.014745228923857212,0.016859909519553185,0.024376844987273216,0.02805327996611595,0.023716507479548454,0.019151005893945694,0.01443195529282093,0.007409186568111181,0.003075535874813795,0.0024374539498239756,0.0015257240738719702,0.0008222327451221645,0.0009278785437345505,0.001320539158768952,0.0016775093972682953,0.001670520636253059,0.014910584315657616
nicolle,neutral,grayscale,0.0055208607,0.03334663,0.04445919,0.033526983,0.035950527,0.026906917,0.020825665,0.02581789,0.027755952,0.03720871,0.033032343,0.030290842,0.02962399,0.020824445,0.015620114,0.016120864,0.017663619,0.021222806,0.028492216,0.036277235,0.045005944,0.07660789,0.08332526,0.066819064,0.0540178,0.040573295,0.020997874,0.0067900354,0.0059430366,0.0044389577,0.0065384395,0.048454598,,,,,,,,,,,,,,,,,,,,,,,,,,,,,,,,,,,,,,,,,,,,,,,,,,,,,,,,,,,,,,,,
nicolle,smile,original,0.0016598001,0.009964161,0.015811253,0.011949176,0.010143629,0.005771099,0.003647394,0.003948522,0.005863514,0.0059260735,0.0067541418,0.006616402,0.0066353325,0.008535058,0.009248931,0.007596798,0.0077048186,0.008781429,0.008158071,0.008745264,0.008835643,0.009420732,0.015320547,0.022873444,0.026814029,0.024201311,0.019877365,0.016685462,0.011876778,0.0040304875,0.0022099456,0.017726721,0.00346154673025012,0.014354128390550613,0.013319247402250767,0.012295764870941639,0.011736799031496048,0.009252051822841167,0.007730263285338879,0.011804311536252499,0.014281866140663624,0.011326021514832973,0.010524619370698929,0.009301787242293358,0.006362770218402147,0.004644820932298899,0.004753859248012304,0.005405851174145937,0.006383601110428572,0.006503156386315823,0.01008432637900114,0.012777854688465595,0.019357819110155106,0.029469355940818787,0.024921562522649765,0.018486937507987022,0.016033334657549858,0.011048099026083946,0.00438291160389781,0.002133747562766075,0.0016825305065140128,0.0013767885975539684,0.0019513608422130346,0.016184236854314804,0.0017855979967862368,0.010370866395533085,0.013876449316740036,0.010206189006567001,0.013380653224885464,0.020055271685123444,0.015381546691060066,0.014986307360231876,0.014432091265916824,0.010250496678054333,0.0064241765066981316,0.005248162429779768,0.005083281546831131,0.0051084547303617,0.007983487099409103,0.013742848299443722,0.015669172629714012,0.024028493091464043,0.02784205600619316,0.02471834607422352,0.020638665184378624,0.015164894051849842,0.00884751696139574,0.0031672040931880474,0.0021408041939139366,0.001515681971795857,0.0007529556169174612,0.0008118513505905867,0.001159458071924746,0.0015017723198980093,0.0016196994110941887,0.015438881702721119
nicolle,smile,rotated,0.0016598001,0.009964161,0.015811253,0.011949176,0.010143629,0.005771099,0.003647394,0.003948522,0.005863514,0.0059260735,0.0067541418,0.006616402,0.0066353325,0.008535058,0.009248931,0.007596798,0.0077048186,0.008781429,0.008158071,0.008745264,0.008835643,0.009420732,0.015320547,0.022873444,0.026814029,0.024201311,0.019877365,0.016685462,0.011876778,0.0040304875,0.0022099456,0.017726721,0.00346154673025012,0.014354128390550613,0.013319247402250767,0.012295764870941639,0.011736799031496048,0.009252051822841167,0.007730263285338879,0.011804311536252499,0.014281866140663624,0.011326021514832973,0.010524619370698929,0.009301787242293358,0.006362770218402147,0.004644820932298899,0.004753859248012304,0.005405851174145937,0.006383601110428572,0.006503156386315823,0.01008432637900114,0.012777854688465595,0.019357819110155106,0.029469355940818787,0.024921562522649765,0.018486937507987022,0.016033334657549858,0.011048099026083946,0.00438291160389781,0.002133747562766075,0.0016825305065140128,0.0013767885975539684,0.0019513608422130346,0.016184236854314804,0.0017855979967862368,0.010370866395533085,0.013876449316740036,0.010206189006567001,0.013380653224885464,0.020055271685123444,0.015381546691060066,0.014986307360231876,0.014432091265916824,0.010250496678054333,0.0064241765066981316,0.005248162429779768,0.005083281546831131,0.0051084547303617,0.007983487099409103,0.013742848299443722,0.015669172629714012,0.024028493091464043,0.02784205600619316,0.02471834607422352,0.020638665184378624,0.015164894051849842,0.00884751696139574,0.0031672040931880474,0.0021408041939139366,0.001515681971795857,0.0007529556169174612,0.0008118513505905867,0.001159458071924746,0.0015017723198980093,0.0016196994110941887,0.015438881702721119
nicolle,smile,flipped,0.0016598001,0.009964161,0.015811253,0.011949176,0.010143629,0.005771099,0.003647394,0.003948522,0.005863514,0.0059260735,0.0067541418,0.006616402,0.0066353325,0.008535058,0.009248931,0.007596798,0.0077048186,0.008781429,0.008158071,0.008745264,0.008835643,0.009420732,0.015320547,0.022873444,0.026814029,0.024201311,0.019877365,0.016685462,0.011876778,0.0040304875,0.0022099456,0.017726721,0.00346154673025012,0.014354128390550613,0.013319247402250767,0.012295764870941639,0.011736799031496048,0.009252051822841167,0.007730263285338879,0.011804311536252499,0.014281866140663624,0.011326021514832973,0.010524619370698929,0.009301787242293358,0.006362770218402147,0.004644820932298899,0.004753859248012304,0.005405851174145937,0.006383601110428572,0.006503156386315823,0.01008432637900114,0.012777854688465595,0.019357819110155106,0.029469355940818787,0.024921562522649765,0.018486937507987022,0.016033334657549858,0.011048099026083946,0.00438291160389781,0.002133747562766075,0.0016825305065140128,0.0013767885975539684,0.0019513608422130346,0.016184236854314804,0.0017855979967862368,0.010370866395533085,0.013876449316740036,0.010206189006567001,0.013380653224885464,0.020055271685123444,0.015381546691060066,0.014986307360231876,0.014432091265916824,0.010250496678054333,0.0064241765066981316,0.005248162429779768,0.005083281546831131,0.0051084547303617,0.007983487099409103,0.013742848299443722,0.015669172629714012,0.024028493091464043,0.02784205600619316,0.02471834607422352,0.020638665184378624,0.015164894051849842,0.00884751696139574,0.0031672040931880474,0.0021408041939139366,0.001515681971795857,0.0007529556169174612,0.0008118513505905867,0.001159458071924746,0.0015017723198980093,0.0016196994110941887,0.015438881702721119
nicolle,smile,grayscale,0.0074298135,0.038101304,0.041292664,0.033790994,0.03344719,0.023499992,0.021047339,0.024609579,0.027112713,0.040223993,0.033557314,0.02759962,0.030875659,0.020414278,0.016443297,0.015603423,0.01866593,0.020000244,0.02557464,0.036396928,0.04524207,0.07718233,0.08521467,0.06611516,0.05343746,0.04112351,0.024113309,0.007139135,0.00544127,0.004010878,0.0062080673,0.04908522,,,,,,,,,,,,,,,,,,,,,,,,,,,,,,,,,,,,,,,,,,,,,,,,,,,,,,,,,,,,,,,,
nicolle,suprised,original,0.0016781201,0.010450118,0.015406176,0.011666165,0.01158861,0.0070274505,0.004162256,0.0043132952,0.004374498,0.005830945,0.0069309645,0.007784138,0.010233805,0.008672526,0.006721505,0.007126786,0.0078604715,0.008619873,0.007974667,0.007953836,0.0073373313,0.0066976207,0.0087020425,0.013113723,0.023637936,0.03232308,0.02865099,0.02145581,0.016489709,0.006635604,0.0015542898,0.010358992,0.0033000586554408073,0.014846667647361755,0.014078037813305855,0.013134961016476154,0.01478085108101368,0.0102743124589324,0.010747174732387066,0.010642954148352146,0.009068308398127556,0.011291145347058773,0.010815434157848358,0.011122533120214939,0.007292752154171467,0.005779852159321308,0.00483976025134325,0.0052223107777535915,0.0051710824482142925,0.0052523016929626465,0.0054872059263288975,0.006288811564445496,0.01219005137681961,0.02231583558022976,0.03210575133562088,0.029228955507278442,0.020066943019628525,0.01394355483353138,0.006745931692421436,0.004325848072767258,0.001722359680570662,0.0007494951714761555,0.0005444458802230656,0.009957646951079369,0.0017752844141796231,0.01113847829401493,0.014500757679343224,0.010213924571871758,0.015708865597844124,0.022503921762108803,0.01749717816710472,0.013227579183876514,0.012076874263584614,0.009081064723432064,0.00765956100076437,0.007038917392492294,0.005132067482918501,0.0051826853305101395,0.005632002372294664,0.0061197238974273205,0.011180614121258259,0.015621675178408623,0.027728063985705376,0.030608458444476128,0.0262617114931345,0.019688937813043594,0.010636236518621445,0.005068082828074694,0.003378495806828141,0.002195968059822917,0.0017657172866165638,0.0017224275507032871,0.0012068867217749357,0.0008570408681407571,0.0006889710202813148,0.010235162451863289
nicolle,suprised,rotated,0.0016781201,0.010450118,0.015406176,0.011666165,0.01158861,0.0070274505,0.004162256,0.0043132952,0.004374498,0.005830945,0.0069309645,0.007784138,0.010233805,0.008672526,0.006721505,0.007126786,0.0078604715,0.008619873,0.007974667,0.007953836,0.0073373313,0.0066976207,0.0087020425,0.013113723,0.023637936,0.03232308,0.02865099,0.02145581,0.016489709,0.006635604,0.0015542898,0.010358992,0.0033000586554408073,0.014846667647361755,0.014078037813305855,0.013134961016476154,0.01478085108101368,0.0102743124589324,0.010747174732387066,0.010642954148352146,0.009068308398127556,0.011291145347058773,0.010815434157848358,0.011122533120214939,0.007292752154171467,0.005779852159321308,0.00483976025134325,0.0052223107777535915,0.0051710824482142925,0.0052523016929626465,0.0054872059263288975,0.006288811564445496,0.01219005137681961,0.02231583558022976,0.03210575133562088,0.029228955507278442,0.020066943019628525,0.01394355483353138,0.006745931692421436,0.004325848072767258,0.001722359680570662,0.0007494951714761555,0.0005444458802230656,0.009957646951079369,0.0017752844141796231,0.01113847829401493,0.014500757679343224,0.010213924571871758,0.015708865597844124,0.022503921762108803,0.01749717816710472,0.013227579183876514,0.012076874263584614,0.009081064723432064,0.00765956100076437,0.007038917392492294,0.005132067482918501,0.0051826853305101395,0.005632002372294664,0.0061197238974273205,0.011180614121258259,0.015621675178408623,0.027728063985705376,0.030608458444476128,0.0262617114931345,0.019688937813043594,0.010636236518621445,0.005068082828074694,0.003378495806828141,0.002195968059822917,0.0017657172866165638,0.0017224275507032871,0.0012068867217749357,0.0008570408681407571,0.0006889710202813148,0.010235162451863289
nicolle,suprised,flipped,0.0016781201,0.010450118,0.015406176,0.011666165,0.01158861,0.0070274505,0.004162256,0.0043132952,0.004374498,0.005830945,0.0069309645,0.007784138,0.010233805,0.008672526,0.006721505,0.007126786,0.0078604715,0.008619873,0.007974667,0.007953836,0.0073373313,0.0066976207,0.0087020425,0.013113723,0.023637936,0.03232308,0.02865099,0.02145581,0.016489709,0.006635604,0.0015542898,0.010358992,0.0033000586554408073,0.014846667647361755,0.014078037813305855,0.013134961016476154,0.01478085108101368,0.0102743124589324,0.010747174732387066,0.010642954148352146,0.009068308398127556,0.011291145347058773,0.010815434157848358,0.011122533120214939,0.007292752154171467,0.005779852159321308,0.00483976025134325,0.0052223107777535915,0.0051710824482142925,0.0052523016929626465,0.0054872059263288975,0.006288811564445496,0.01219005137681961,0.02231583558022976,0.03210575133562088,0.029228955507278442,0.020066943019628525,0.01394355483353138,0.006745931692421436,0.004325848072767258,0.001722359680570662,0.0007494951714761555,0.0005444458802230656,0.009957646951079369,0.0017752844141796231,0.01113847829401493,0.014500757679343224,0.010213924571871758,0.015708865597844124,0.022503921762108803,0.01749717816710472,0.013227579183876514,0.012076874263584614,0.009081064723432064,0.00765956100076437,0.007038917392492294,0.005132067482918501,0.0051826853305101395,0.005632002372294664,0.0061197238974273205,0.011180614121258259,0.015621675178408623,0.027728063985705376,0.030608458444476128,0.0262617114931345,0.019688937813043594,0.010636236518621445,0.005068082828074694,0.003378495806828141,0.002195968059822917,0.0017657172866165638,0.0017224275507032871,0.0012068867217749357,0.0008570408681407571,0.0006889710202813148,0.010235162451863289
nicolle,suprised,grayscale,0.007038171,0.038744137,0.042375993,0.03311743,0.04239757,0.028986452,0.022202522,0.025892595,0.030405648,0.031377833,0.026713131,0.033466935,0.031851918,0.025047632,0.019231616,0.015783163,0.016501717,0.016370831,0.017802648,0.016756367,0.027456317,0.05211943,0.085267596,0.09758012,0.07372472,0.051698882,0.032942776,0.014653628,0.0075484873,0.0028233293,0.0019213702,0.030199038,,,,,,,,,,,,,,,,,,,,,,,,,,,,,,,,,,,,,,,,,,,,,,,,,,,,,,,,,,,,,,,,
chance,neutral,original,0.0036693292,0.008112601,0.013758437,0.019873125,0.013232074,0.009404139,0.0068615526,0.0048272773,0.003782803,0.003726324,0.0033363868,0.0033090499,0.0037229713,0.00598471,0.006149247,0.0075521953,0.0066028843,0.0075073214,0.0056963833,0.005078983,0.0038057556,0.0018307961,0.0007319058,0.00061817415,0.0075470377,0.024697825,0.09903836,0.05236376,0.00041443718,8.252638e-05,1.2636852e-05,2.3210544e-06,0.005232172552496195,0.011877093464136124,0.021621910855174065,0.017605971544981003,0.01217779889702797,0.009664354845881462,0.007681658491492271,0.006554142106324434,0.006952331867069006,0.007613058667629957,0.006749626249074936,0.005830488633364439,0.005384588614106178,0.006059499457478523,0.00541656743735075,0.004227671772241592,0.004961898550391197,0.0019135804614052176,0.00042810558807104826,0.00027465811581350863,0.0002555738901719451,0.0003306213184259832,0.0005245583015494049,0.007685011252760887,0.019284609705209732,0.07500023394823074,0.06448765844106674,0.01743808202445507,8.433164475718513e-05,1.34105366669246e-05,2.0631593997677555e-06,0.0,0.004362550564110279,0.010000907815992832,0.018162766471505165,0.018909888342022896,0.01411355845630169,0.011108567006886005,0.00921922829002142,0.007381211034953594,0.008639737963676453,0.0075924270786345005,0.006166783627122641,0.005257188342511654,0.005555572919547558,0.0061172679997980595,0.004886335227638483,0.004716898314654827,0.00425552437081933,0.0012474377872422338,0.000390710833016783,0.00026950021856464446,0.00035898975329473615,0.0012461483711376786,0.010486523620784283,0.02732345275580883,0.06457792222499847,0.057665564119815826,0.023145297542214394,0.00013307378685567528,3.249476139899343e-05,8.252637599071022e-06,1.5473696066692355e-06,0.0
chance,neutral,rotated,0.0036693292,0.008112601,0.013758437,0.019873125,0.013232074,0.009404139,0.0068615526,0.0048272773,0.003782803,0.003726324,0.0033363868,0.0033090499,0.0037229713,0.00598471,0.006149247,0.0075521953,0.0066028843,0.0075073214,0.0056963833,0.005078983,0.0038057556,0.0018307961,0.0007319058,0.00061817415,0.0075470377,0.024697825,0.09903836,0.05236376,0.00041443718,8.252638e-05,1.2636852e-05,2.3210544e-06,0.005232172552496195,0.011877093464136124,0.021621910855174065,0.017605971544981003,0.01217779889702797,0.009664354845881462,0.007681658491492271,0.006554142106324434,0.006952331867069006,0.007613058667629957,0.006749626249074936,0.005830488633364439,0.005384588614106178,0.006059499457478523,0.00541656743735075,0.004227671772241592,0.004961898550391197,0.0019135804614052176,0.00042810558807104826,0.00027465811581350863,0.0002555738901719451,0.0003306213184259832,0.0005245583015494049,0.007685011252760887,0.019284609705209732,0.07500023394823074,0.06448765844106674,0.01743808202445507,8.433164475718513e-05,1.34105366669246e-05,2.0631593997677555e-06,0.0,0.004362550564110279,0.010000907815992832,0.018162766471505165,0.018909888342022896,0.01411355845630169,0.011108567006886005,0.00921922829002142,0.007381211034953594,0.008639737963676453,0.0075924270786345005,0.006166783627122641,0.005257188342511654,0.005555572919547558,0.0061172679997980595,0.004886335227638483,0.004716898314654827,0.00425552437081933,0.0012474377872422338,0.000390710833016783,0.00026950021856464446,0.00035898975329473615,0.0012461483711376786,0.010486523620784283,0.02732345275580883,0.06457792222499847,0.057665564119815826,0.023145297542214394,0.00013307378685567528,3.249476139899343e-05,8.252637599071022e-06,1.5473696066692355e-06,0.0
chance,neutral,flipped,0.0036693292,0.008112601,0.013758437,0.019873125,0.013232074,0.009404139,0.0068615526,0.0048272773,0.003782803,0.003726324,0.0033363868,0.0033090499,0.0037229713,0.00598471,0.006149247,0.0075521953,0.0066028843,0.0075073214,0.0056963833,0.005078983,0.0038057556,0.0018307961,0.0007319058,0.00061817415,0.0075470377,0.024697825,0.09903836,0.05236376,0.00041443718,8.252638e-05,1.2636852e-05,2.3210544e-06,0.005232172552496195,0.011877093464136124,0.021621910855174065,0.017605971544981003,0.01217779889702797,0.009664354845881462,0.007681658491492271,0.006554142106324434,0.006952331867069006,0.007613058667629957,0.006749626249074936,0.005830488633364439,0.005384588614106178,0.006059499457478523,0.00541656743735075,0.004227671772241592,0.004961898550391197,0.0019135804614052176,0.00042810558807104826,0.00027465811581350863,0.0002555738901719451,0.0003306213184259832,0.0005245583015494049,0.007685011252760887,0.019284609705209732,0.07500023394823074,0.06448765844106674,0.01743808202445507,8.433164475718513e-05,1.34105366669246e-05,2.0631593997677555e-06,0.0,0.004362550564110279,0.010000907815992832,0.018162766471505165,0.018909888342022896,0.01411355845630169,0.011108567006886005,0.00921922829002142,0.007381211034953594,0.008639737963676453,0.0075924270786345005,0.006166783627122641,0.005257188342511654,0.005555572919547558,0.0061172679997980595,0.004886335227638483,0.004716898314654827,0.00425552437081933,0.0012474377872422338,0.000390710833016783,0.00026950021856464446,0.00035898975329473615,0.0012461483711376786,0.010486523620784283,0.02732345275580883,0.06457792222499847,0.057665564119815826,0.023145297542214394,0.00013307378685567528,3.249476139899343e-05,8.252637599071022e-06,1.5473696066692355e-06,0.0
chance,neutral,grayscale,0.013363858,0.031033272,0.0580782,0.054051943,0.03672295,0.030018197,0.01991929,0.017452782,0.016502697,0.015563443,0.022053111,0.020639589,0.018884873,0.017730534,0.01859242,0.016911203,0.0135580525,0.01490117,0.0065407315,0.0015984328,0.00095627445,0.0010375114,0.0014769643,0.019188931,0.048289537,0.23205283,0.19422273,0.0582693,0.00032726867,5.1063198e-05,1.0831587e-05,0.0,,,,,,,,,,,,,,,,,,,,,,,,,,,,,,,,,,,,,,,,,,,,,,,,,,,,,,,,,,,,,,,,
chance,smile,original,0.010695122,0.030280838,0.014210289,0.009182868,0.006912819,0.00588577,0.004406831,0.003918294,0.0029387963,0.0034763995,0.003896487,0.0041718003,0.0063724904,0.0068852575,0.007793883,0.0070503247,0.0075936825,0.0051797684,0.0049716933,0.0028000795,0.0013777785,0.001335073,0.0054687113,0.02317842,0.047890294,0.040653702,0.04816894,0.016473977,6.4209504e-05,3.3922002e-05,3.0287501e-05,3.452775e-05,0.018406925722956657,0.028248243033885956,0.014743955805897713,0.009634151123464108,0.007994689047336578,0.007461931556463242,0.00766606954857707,0.006902521476149559,0.008055264130234718,0.007245981600135565,0.006367946974933147,0.005661945324391127,0.00647213589400053,0.005411467980593443,0.004763618111610413,0.0033973490353673697,0.001100042019970715,0.00040615539182908833,0.0003825311432592571,0.0005409347941167653,0.002120730932801962,0.007345627527683973,0.03424062579870224,0.032101720571517944,0.030372003093361855,0.03868016600608826,0.03741445392370224,0.00013447650417219847,2.7561625756789e-05,1.1812125194410328e-05,1.211500057252124e-05,8.177625204552896e-06,0.013807163573801517,0.029076000675559044,0.015288221649825573,0.01053035818040371,0.009328550659120083,0.00894935056567192,0.007794185541570187,0.008197614923119545,0.007576418574899435,0.0069870236329734325,0.0058288294821977615,0.005649224855005741,0.006244071293622255,0.005427822936326265,0.005155235528945923,0.0028727694880217314,0.0010461303172633052,0.0004552211321424693,0.0006963096675463021,0.003767159301787615,0.009357626549899578,0.04136667028069496,0.019885864108800888,0.02062760479748249,0.03682445362210274,0.04424034804105759,0.0062919254414737225,3.149899930576794e-05,1.3023625797359273e-05,1.1206375347683206e-05,3.634500217231107e-06,1.8172501086155535e-06
chance,smile,rotated,0.010695122,0.030280838,0.014210289,0.009182868,0.006912819,0.00588577,0.004406831,0.003918294,0.0029387963,0.0034763995,0.003896487,0.0041718003,0.0063724904,0.0068852575,0.007793883,0.0070503247,0.0075936825,0.0051797684,0.0049716933,0.0028000795,0.0013777785,0.001335073,0.0054687113,0.02317842,0.047890294,0.040653702,0.04816894,0.016473977,6.4209504e-05,3.3922002e-05,3.0287501e-05,3.452775e-05,0.018406925722956657,0.028248243033885956,0.014743955805897713,0.009634151123464108,0.007994689047336578,0.007461931556463242,0.00766606954857707,0.006902521476149559,0.008055264130234718,0.007245981600135565,0.006367946974933147,0.005661945324391127,0.00647213589400053,0.005411467980593443,0.004763618111610413,0.0033973490353673697,0.001100042019970715,0.00040615539182908833,0.0003825311432592571,0.0005409347941167653,0.002120730932801962,0.007345627527683973,0.03424062579870224,0.032101720571517944,0.030372003093361855,0.03868016600608826,0.03741445392370224,0.00013447650417219847,2.7561625756789e-05,1.1812125194410328e-05,1.211500057252124e-05,8.177625204552896e-06,0.013807163573801517,0.029076000675559044,0.015288221649825573,0.01053035818040371,0.009328550659120083,0.00894935056567192,0.007794185541570187,0.008197614923119545,0.007576418574899435,0.0069870236329734325,0.0058288294821977615,0.005649224855005741,0.006244071293622255,0.005427822936326265,0.005155235528945923,0.0028727694880217314,0.0010461303172633052,0.0004552211321424693,0.0006963096675463021,0.003767159301787615,0.009357626549899578,0.04136667028069496,0.019885864108800888,0.02062760479748249,0.03682445362210274,0.04424034804105759,0.0062919254414737225,3.149899930576794e-05,1.3023625797359273e-05,1.1206375347683206e-05,3.634500217231107e-06,1.8172501086155535e-06
chance,smile,flipped,0.010695122,0.030280838,0.014210289,0.009182868,0.006912819,0.00588577,0.004406831,0.003918294,0.0029387963,0.0034763995,0.003896487,0.0041718003,0.0063724904,0.0068852575,0.007793883,0.0070503247,0.0075936825,0.0051797684,0.0049716933,0.0028000795,0.0013777785,0.001335073,0.0054687113,0.02317842,0.047890294,0.040653702,0.04816894,0.016473977,6.4209504e-05,3.3922002e-05,3.0287501e-05,3.452775e-05,0.018406925722956657,0.028248243033885956,0.014743955805897713,0.009634151123464108,0.007994689047336578,0.007461931556463242,0.00766606954857707,0.006902521476149559,0.008055264130234718,0.007245981600135565,0.006367946974933147,0.005661945324391127,0.00647213589400053,0.005411467980593443,0.004763618111610413,0.0033973490353673697,0.001100042019970715,0.00040615539182908833,0.0003825311432592571,0.0005409347941167653,0.002120730932801962,0.007345627527683973,0.03424062579870224,0.032101720571517944,0.030372003093361855,0.03868016600608826,0.03741445392370224,0.00013447650417219847,2.7561625756789e-05,1.1812125194410328e-05,1.211500057252124e-05,8.177625204552896e-06,0.013807163573801517,0.029076000675559044,0.015288221649825573,0.01053035818040371,0.009328550659120083,0.00894935056567192,0.007794185541570187,0.008197614923119545,0.007576418574899435,0.0069870236329734325,0.0058288294821977615,0.005649224855005741,0.006244071293622255,0.005427822936326265,0.005155235528945923,0.0028727694880217314,0.0010461303172633052,0.0004552211321424693,0.0006963096675463021,0.003767159301787615,0.009357626549899578,0.04136667028069496,0.019885864108800888,0.02062760479748249,0.03682445362210274,0.04424034804105759,0.0062919254414737225,3.149899930576794e-05,1.3023625797359273e-05,1.1206375347683206e-05,3.634500217231107e-06,1.8172501086155535e-06
chance,smile,grayscale,0.042793512,0.08972127,0.043896586,0.028236432,0.023224456,0.01900571,0.017259333,0.018534133,0.01572194,0.021954197,0.021949654,0.021665255,0.018184314,0.019821655,0.017262967,0.014471671,0.0110252565,0.0038325803,0.001652789,0.0015428453,0.0038362148,0.016672362,0.07063833,0.12642154,0.086014986,0.11868188,0.12517855,0.0005797028,0.00010267463,4.4522625e-05,4.270538e-05,2.9984627e-05,,,,,,,,,,,,,,,,,,,,,,,,,,,,,,,,,,,,,,,,,,,,,,,,,,,,,,,,,,,,,,,,
chance,suprised,original,0.0038539702,0.0241891,0.013713015,0.008568699,0.006658151,0.0050216676,0.003577061,0.0032751793,0.0032748631,0.0035192135,0.004260167,0.005634282,0.005921939,0.006825055,0.00793933,0.0060164547,0.004963504,0.0037389074,0.0042146477,0.003903915,0.0026970205,0.0017256252,0.00084874587,0.0065465653,0.0099472385,0.025346681,0.08025722,0.076320745,0.0004782691,7.460113e-05,1.2960366e-05,8.534875e-06,0.006412535905838013,0.028039276599884033,0.012356918305158615,0.00949520617723465,0.007137052249163389,0.006606625393033028,0.00735390093177557,0.00714748352766037,0.008448894135653973,0.007281512953341007,0.006357849575579166,0.0057604084722697735,0.004966032691299915,0.004139098338782787,0.0036453399807214737,0.004948331043124199,0.0021722838282585144,0.0009603314683772624,0.00027848980971612036,0.00022001011529937387,0.00026900661760009825,0.0011803415836766362,0.007177513558417559,0.00955052487552166,0.030657587572932243,0.054353877902030945,0.07511891424655914,0.02115321345627308,0.00011948824976570904,1.8650282072485425e-05,4.425490715220803e-06,2.2127453576104017e-06,0.004737171810120344,0.026218503713607788,0.013105141930282116,0.009469917975366116,0.008535507135093212,0.0073753963224589825,0.007908984087407589,0.008508321829140186,0.00843498483300209,0.007148115895688534,0.005949439946562052,0.0060395305044949055,0.004947382491081953,0.0038552347104996443,0.004096107557415962,0.004598401021212339,0.0016864280914887786,0.00071092345751822,0.00024498251150362194,0.0002402409299975261,0.0017610292416065931,0.00693316338583827,0.00917720329016447,0.029752258211374283,0.04847176745533943,0.0546102374792099,0.04849768802523613,0.00024593083071522415,5.057703674538061e-05,1.5173111023614183e-05,4.741596967505757e-06,2.8449583169276593e-06
chance,suprised,rotated,0.0038539702,0.0241891,0.013713015,0.008568699,0.006658151,0.0050216676,0.003577061,0.0032751793,0.0032748631,0.0035192135,0.004260167,0.005634282,0.005921939,0.006825055,0.00793933,0.0060164547,0.004963504,0.0037389074,0.0042146477,0.003903915,0.0026970205,0.0017256252,0.00084874587,0.0065465653,0.0099472385,0.025346681,0.08025722,0.076320745,0.0004782691,7.460113e-05,1.2960366e-05,8.534875e-06,0.006412535905838013,0.028039276599884033,0.012356918305158615,0.00949520617723465,0.007137052249163389,0.006606625393033028,0.00735390093177557,0.00714748352766037,0.008448894135653973,0.007281512953341007,0.006357849575579166,0.0057604084722697735,0.004966032691299915,0.004139098338782787,0.0036453399807214737,0.004948331043124199,0.0021722838282585144,0.0009603314683772624,0.00027848980971612036,0.00022001011529937387,0.00026900661760009825,0.0011803415836766362,0.007177513558417559,0.00955052487552166,0.030657587572932243,0.054353877902030945,0.07511891424655914,0.02115321345627308,0.00011948824976570904,1.8650282072485425e-05,4.425490715220803e-06,2.2127453576104017e-06,0.004737171810120344,0.026218503713607788,0.013105141930282116,0.009469917975366116,0.008535507135093212,0.0073753963224589825,0.007908984087407589,0.008508321829140186,0.00843498483300209,0.007148115895688534,0.005949439946562052,0.0060395305044949055,0.004947382491081953,0.0038552347104996443,0.004096107557415962,0.004598401021212339,0.0016864280914887786,0.00071092345751822,0.00024498251150362194,0.0002402409299975261,0.0017610292416065931,0.00693316338583827,0.00917720329016447,0.029752258211374283,0.04847176745533943,0.0546102374792099,0.04849768802523613,0.00024593083071522415,5.057703674538061e-05,1.5173111023614183e-05,4.741596967505757e-06,2.8449583169276593e-06
chance,suprised,flipped,0.0038539702,0.0241891,0.013713015,0.008568699,0.006658151,0.0050216676,0.003577061,0.0032751793,0.0032748631,0.0035192135,0.004260167,0.005634282,0.005921939,0.006825055,0.00793933,0.0060164547,0.004963504,0.0037389074,0.0042146477,0.003903915,0.0026970205,0.0017256252,0.00084874587,0.0065465653,0.0099472385,0.025346681,0.08025722,0.076320745,0.0004782691,7.460113e-05,1.2960366e-05,8.534875e-06,0.006412535905838013,0.028039276599884033,0.012356918305158615,0.00949520617723465,0.007137052249163389,0.006606625393033028,0.00735390093177557,0.00714748352766037,0.008448894135653973,0.007281512953341007,0.006357849575579166,0.0057604084722697735,0.004966032691299915,0.004139098338782787,0.0036453399807214737,0.004948331043124199,0.0021722838282585144,0.0009603314683772624,0.00027848980971612036,0.00022001011529937387,0.00026900661760009825,0.0011803415836766362,0.007177513558417559,0.00955052487552166,0.030657587572932243,0.054353877902030945,0.07511891424655914,0.02115321345627308,0.00011948824976570904,1.8650282072485425e-05,4.425490715220803e-06,2.2127453576104017e-06,0.004737171810120344,0.026218503713607788,0.013105141930282116,0.009469917975366116,0.008535507135093212,0.0073753963224589825,0.007908984087407589,0.008508321829140186,0.00843498483300209,0.007148115895688534,0.005949439946562052,0.0060395305044949055,0.004947382491081953,0.0038552347104996443,0.004096107557415962,0.004598401021212339,0.0016864280914887786,0.00071092345751822,0.00024498251150362194,0.0002402409299975261,0.0017610292416065931,0.00693316338583827,0.00917720329016447,0.029752258211374283,0.04847176745533943,0.0546102374792099,0.04849768802523613,0.00024593083071522415,5.057703674538061e-05,1.5173111023614183e-05,4.741596967505757e-06,2.8449583169276593e-06
chance,suprised,grayscale,0.014715073,0.08171479,0.037563883,0.02731065,0.020541547,0.01653869,0.016368942,0.018103419,0.017872976,0.02215938,0.023172185,0.020241879,0.01809109,0.015220527,0.012858263,0.010931279,0.0143423835,0.007996229,0.003922249,0.0011986757,0.00076908706,0.001273593,0.0183955,0.02696167,0.058825202,0.18102944,0.21701247,0.09430373,0.0004684698,7.0175636e-05,1.706975e-05,9.483194e-06,,,,,,,,,,,,,,,,,,,,,,,,,,,,,,,,,,,,,,,,,,,,,,,,,,,,,,,,,,,,,,,,
annabelle,neutral,original,0.0069721136,0.013513048,0.012875366,0.012214152,0.017907647,0.011408895,0.0059201387,0.008345405,0.0095117185,0.009831272,0.0070678033,0.0047388375,0.008053657,0.013636678,0.009650405,0.009474284,0.007857462,0.0065289307,0.0071965195,0.0092944335,0.012361586,0.014765964,0.017412923,0.016028577,0.018715346,0.028554415,0.023511624,0.0082086185,0.0014771186,0.00022942437,4.2656793e-05,2.6312933e-05,0.0044014486484229565,0.012920261360704899,0.015178697183728218,0.011029730550944805,0.01926513761281967,0.027012735605239868,0.015953097492456436,0.007495049387216568,0.005149536300450563,0.00556098110973835,0.00759168853983283,0.01459621824324131,0.015441351570189,0.0068793403916060925,0.005672132596373558,0.0055763754062354565,0.005997857078909874,0.007474568672478199,0.009901801124215126,0.012209472246468067,0.011191677302122116,0.008618841879069805,0.0074888779781758785,0.007965494878590107,0.012961357831954956,0.02672417461872101,0.02164333686232567,0.012130940333008766,0.0063776313327252865,0.002550455741584301,0.00034891764516942203,2.4142795155057684e-05,0.008208753541111946,0.016071302816271782,0.018505316227674484,0.020597873255610466,0.018299764022231102,0.020778197795152664,0.016372138634324074,0.012658488005399704,0.015134548768401146,0.023172199726104736,0.03284918889403343,0.013059488497674465,0.005742933601140976,0.004857923835515976,0.005139634944498539,0.0056399195455014706,0.0067884656600654125,0.006854654755443335,0.0049302843399345875,0.0033764648251235485,0.0025710719637572765,0.0025975205935537815,0.0028435601852834225,0.0029342311900109053,0.006898939143866301,0.012165120802819729,0.015193277969956398,0.012299397960305214,0.007926839403808117,0.0056534153409302235,0.0027567546349018812,0.00045566135668195784
annabelle,neutral,rotated,0.0069721136,0.013513048,0.012875366,0.012214152,0.017907647,0.011408895,0.0059201387,0.008345405,0.0095117185,0.009831272,0.0070678033,0.0047388375,0.008053657,0.013636678,0.009650405,0.009474284,0.007857462,0.0065289307,0.0071965195,0.0092944335,0.012361586,0.014765964,0.017412923,0.016028577,0.018715346,0.028554415,0.023511624,0.0082086185,0.0014771186,0.00022942437,4.2656793e-05,2.6312933e-05,0.0044014486484229565,0.012920261360704899,0.015178697183728218,0.011029730550944805,0.01926513761281967,0.027012735605239868,0.015953097492456436,0.007495049387216568,0.005149536300450563,0.00556098110973835,0.00759168853983283,0.01459621824324131,0.015441351570189,0.0068793403916060925,0.005672132596373558,0.0055763754062354565,0.005997857078909874,0.007474568672478199,0.009901801124215126,0.012209472246468067,0.011191677302122116,0.008618841879069805,0.0074888779781758785,0.007965494878590107,0.012961357831954956,0.02672417461872101,0.02164333686232567,0.012130940333008766,0.0063776313327252865,0.002550455741584301,0.00034891764516942203,2.4142795155057684e-05,0.008208753541111946,0.016071302816271782,0.018505316227674484,0.020597873255610466,0.018299764022231102,0.020778197795152664,0.016372138634324074,0.012658488005399704,0.015134548768401146,0.023172199726104736,0.03284918889403343,0.013059488497674465,0.005742933601140976,0.004857923835515976,0.005139634944498539,0.0056399195455014706,0.0067884656600654125,0.006854654755443335,0.0049302843399345875,0.0033764648251235485,0.0025710719637572765,0.0025975205935537815,0.0028435601852834225,0.0029342311900109053,0.006898939143866301,0.012165120802819729,0.015193277969956398,0.012299397960305214,0.007926839403808117,0.0056534153409302235,0.0027567546349018812,0.00045566135668195784
annabelle,neutral,flipped,0.0069721136,0.013513048,0.012875366,0.012214152,0.017907647,0.011408895,0.0059201387,0.008345405,0.0095117185,0.009831272,0.0070678033,0.0047388375,0.008053657,0.013636678,0.009650405,0.009474284,0.007857462,0.0065289307,0.0071965195,0.0092944335,0.012361586,0.014765964,0.017412923,0.016028577,0.018715346,0.028554415,0.023511624,0.0082086185,0.0014771186,0.00022942437,4.2656793e-05,2.6312933e-05,0.0044014486484229565,0.012920261360704899,0.015178697183728218,0.011029730550944805,0.01926513761281967,0.027012735605239868,0.015953097492456436,0.007495049387216568,0.005149536300450563,0.00556098110973835,0.00759168853983283,0.01459621824324131,0.015441351570189,0.0068793403916060925,0.005672132596373558,0.0055763754062354565,0.005997857078909874,0.007474568672478199,0.009901801124215126,0.012209472246468067,0.011191677302122116,0.008618841879069805,0.0074888779781758785,0.007965494878590107,0.012961357831954956,0.02672417461872101,0.02164333686232567,0.012130940333008766,0.0063776313327252865,0.002550455741584301,0.00034891764516942203,2.4142795155057684e-05,0.008208753541111946,0.016071302816271782,0.018505316227674484,0.020597873255610466,0.018299764022231102,0.020778197795152664,0.016372138634324074,0.012658488005399704,0.015134548768401146,0.023172199726104736,0.03284918889403343,0.013059488497674465,0.005742933601140976,0.004857923835515976,0.005139634944498539,0.0056399195455014706,0.0067884656600654125,0.006854654755443335,0.0049302843399345875,0.0033764648251235485,0.0025710719637572765,0.0025975205935537815,0.0028435601852834225,0.0029342311900109053,0.006898939143866301,0.012165120802819729,0.015193277969956398,0.012299397960305214,0.007926839403808117,0.0056534153409302235,0.0027567546349018812,0.00045566135668195784
annabelle,neutral,grayscale,0.015348714,0.04027954,0.0424587,0.031772867,0.049828693,0.07156982,0.050168864,0.028152669,0.018338827,0.01506368,0.017961832,0.03242757,0.05438334,0.025553182,0.018975627,0.017259521,0.020955607,0.02380839,0.03177938,0.042108763,0.04034017,0.030694783,0.027658895,0.037091266,0.05401428,0.057442017,0.055277303,0.031233316,0.013501587,0.004163208,0.00033976237,4.7810874e-05,,,,,,,,,,,,,,,,,,,,,,,,,,,,,,,,,,,,,,,,,,,,,,,,,,,,,,,,,,,,,,,,
annabelle,smile,original,0.0061510555,0.014352621,0.014411418,0.012178888,0.014909126,0.014450616,0.007506646,0.0043355306,0.005634901,0.006877306,0.009218886,0.011140069,0.006560737,0.0054092747,0.008997261,0.01112047,0.00843282,0.009106852,0.007132026,0.0077823214,0.010519545,0.012881741,0.013535767,0.0137806535,0.018246528,0.029405246,0.034214612,0.011237454,0.0031545004,0.0005145264,8.945041e-05,4.4487846e-05,0.00472988560795784,0.013367648236453533,0.01557854562997818,0.0124059384688735,0.014395345002412796,0.019847750663757324,0.021432019770145416,0.01494717039167881,0.006541883572936058,0.005453016608953476,0.0059202746488153934,0.007610880304127932,0.013380127027630806,0.013026326894760132,0.007494777906686068,0.007647569291293621,0.00733879953622818,0.006312594749033451,0.005167846567928791,0.0061587863601744175,0.0071547445841133595,0.010311754420399666,0.009778170846402645,0.012589314952492714,0.02200988680124283,0.015438842587172985,0.018834499642252922,0.016449516639113426,0.008586493320763111,0.002911037765443325,0.0004565429699141532,5.533854346140288e-05,0.009167209267616272,0.01514248363673687,0.01609497144818306,0.01790093258023262,0.023917440325021744,0.02246907539665699,0.01738864555954933,0.013066135346889496,0.019557155668735504,0.03355278819799423,0.029948323965072632,0.016580335795879364,0.008723687380552292,0.006179538089782,0.0042550996877253056,0.00314344628714025,0.0024586317595094442,0.002256062813103199,0.0021926541812717915,0.002042778767645359,0.0021690537687391043,0.0020743815694004297,0.0023441568482667208,0.002714911475777626,0.003708495991304517,0.008941243402659893,0.013676825910806656,0.013280300423502922,0.009689534083008766,0.005352851003408432,0.0028036837466061115,0.0005405002157203853
annabelle,smile,rotated,0.0061510555,0.014352621,0.014411418,0.012178888,0.014909126,0.014450616,0.007506646,0.0043355306,0.005634901,0.006877306,0.009218886,0.011140069,0.006560737,0.0054092747,0.008997261,0.01112047,0.00843282,0.009106852,0.007132026,0.0077823214,0.010519545,0.012881741,0.013535767,0.0137806535,0.018246528,0.029405246,0.034214612,0.011237454,0.0031545004,0.0005145264,8.945041e-05,4.4487846e-05,0.00472988560795784,0.013367648236453533,0.01557854562997818,0.0124059384688735,0.014395345002412796,0.019847750663757324,0.021432019770145416,0.01494717039167881,0.006541883572936058,0.005453016608953476,0.0059202746488153934,0.007610880304127932,0.013380127027630806,0.013026326894760132,0.007494777906686068,0.007647569291293621,0.00733879953622818,0.006312594749033451,0.005167846567928791,0.0061587863601744175,0.0071547445841133595,0.010311754420399666,0.009778170846402645,0.012589314952492714,0.02200988680124283,0.015438842587172985,0.018834499642252922,0.016449516639113426,0.008586493320763111,0.002911037765443325,0.0004565429699141532,5.533854346140288e-05,0.009167209267616272,0.01514248363673687,0.01609497144818306,0.01790093258023262,0.023917440325021744,0.02246907539665699,0.01738864555954933,0.013066135346889496,0.019557155668735504,0.03355278819799423,0.029948323965072632,0.016580335795879364,0.008723687380552292,0.006179538089782,0.0042550996877253056,0.00314344628714025,0.0024586317595094442,0.002256062813103199,0.0021926541812717915,0.002042778767645359,0.0021690537687391043,0.0020743815694004297,0.0023441568482667208,0.002714911475777626,0.003708495991304517,0.008941243402659893,0.013676825910806656,0.013280300423502922,0.009689534083008766,0.005352851003408432,0.0028036837466061115,0.0005405002157203853
annabelle,smile,flipped,0.0061510555,0.014352621,0.014411418,0.012178888,0.014909126,0.014450616,0.007506646,0.0043355306,0.005634901,0.006877306,0.009218886,0.011140069,0.006560737,0.0054092747,0.008997261,0.01112047,0.00843282,0.009106852,0.007132026,0.0077823214,0.010519545,0.012881741,0.013535767,0.0137806535,0.018246528,0.029405246,0.034214612,0.011237454,0.0031545004,0.0005145264,8.945041e-05,4.4487846e-05,0.00472988560795784,0.013367648236453533,0.01557854562997818,0.0124059384688735,0.014395345002412796,0.019847750663757324,0.021432019770145416,0.01494717039167881,0.006541883572936058,0.005453016608953476,0.0059202746488153934,0.007610880304127932,0.013380127027630806,0.013026326894760132,0.007494777906686068,0.007647569291293621,0.00733879953622818,0.006312594749033451,0.005167846567928791,0.0061587863601744175,0.0071547445841133595,0.010311754420399666,0.009778170846402645,0.012589314952492714,0.02200988680124283,0.015438842587172985,0.018834499642252922,0.016449516639113426,0.008586493320763111,0.002911037765443325,0.0004565429699141532,5.533854346140288e-05,0.009167209267616272,0.01514248363673687,0.01609497144818306,0.01790093258023262,0.023917440325021744,0.02246907539665699,0.01738864555954933,0.013066135346889496,0.019557155668735504,0.03355278819799423,0.029948323965072632,0.016580335795879364,0.008723687380552292,0.006179538089782,0.0042550996877253056,0.00314344628714025,0.0024586317595094442,0.002256062813103199,0.0021926541812717915,0.002042778767645359,0.0021690537687391043,0.0020743815694004297,0.0023441568482667208,0.002714911475777626,0.003708495991304517,0.008941243402659893,0.013676825910806656,0.013280300423502922,0.009689534083008766,0.005352851003408432,0.0028036837466061115,0.0005405002157203853
annabelle,smile,grayscale,0.015907593,0.041362915,0.04488383,0.03627889,0.041610718,0.05232849,0.044922892,0.043084107,0.036220703,0.0194104,0.016542155,0.01651184,0.02692932,0.04735901,0.027615152,0.02094869,0.023636678,0.025526937,0.027413534,0.02568339,0.033580527,0.03358439,0.048364054,0.05880066,0.03074239,0.03138204,0.05762899,0.04644287,0.01810018,0.0063694254,0.00071207684,0.000115152994,,,,,,,,,,,,,,,,,,,,,,,,,,,,,,,,,,,,,,,,,,,,,,,,,,,,,,,,,,,,,,,,
annabelle,suprised,original,0.0076076253,0.0096565755,0.009334378,0.009965481,0.014147745,0.009959242,0.0049742972,0.0045095487,0.0055207657,0.0069538034,0.009244588,0.007460124,0.004751248,0.0037656657,0.0046735974,0.011676026,0.02373196,0.013835314,0.009478692,0.0077696396,0.005349189,0.005159844,0.0064398195,0.011124539,0.02379347,0.05847019,0.031735364,0.0078044296,0.003742201,0.0006745741,1.4512804e-05,8.884006e-06,0.0075830756686627865,0.010640190914273262,0.011272786185145378,0.01206325925886631,0.016670463606715202,0.01753438264131546,0.013315971940755844,0.007381591945886612,0.0045654973946511745,0.004292873665690422,0.005414971150457859,0.00878194160759449,0.01117757149040699,0.016542969271540642,0.022330593317747116,0.0054445392452180386,0.002666151151061058,0.0021081543527543545,0.002245686948299408,0.004103800281882286,0.007405802607536316,0.01244472898542881,0.020812243223190308,0.029434407129883766,0.011091240681707859,0.01576300710439682,0.02164543978869915,0.01435919851064682,0.008577338419854641,0.004525892436504364,0.0011103651486337185,2.7194553695153445e-05,0.013454996980726719,0.012297295033931732,0.014583672396838665,0.017799749970436096,0.018764106556773186,0.016319647431373596,0.009168091230094433,0.010975952260196209,0.034794583916664124,0.02958984300494194,0.017996419221162796,0.030022379010915756,0.005664740689098835,0.0022395832929760218,0.00200636126101017,0.0019187418511137366,0.0018028428312391043,0.0018650309648364782,0.0020737710874527693,0.0025781928561627865,0.0024856228847056627,0.0026801214553415775,0.0035268147476017475,0.010961100459098816,0.010012749582529068,0.008858778513967991,0.014665459282696247,0.010086195543408394,0.01067538745701313,0.007251247763633728,0.0047821723856031895,0.0014316813321784139
annabelle,suprised,rotated,0.0076076253,0.0096565755,0.009334378,0.009965481,0.014147745,0.009959242,0.0049742972,0.0045095487,0.0055207657,0.0069538034,0.009244588,0.007460124,0.004751248,0.0037656657,0.0046735974,0.011676026,0.02373196,0.013835314,0.009478692,0.0077696396,0.005349189,0.005159844,0.0064398195,0.011124539,0.02379347,0.05847019,0.031735364,0.0078044296,0.003742201,0.0006745741,1.4512804e-05,8.884006e-06,0.0075830756686627865,0.010640190914273262,0.011272786185145378,0.01206325925886631,0.016670463606715202,0.01753438264131546,0.013315971940755844,0.007381591945886612,0.0045654973946511745,0.004292873665690422,0.005414971150457859,0.00878194160759449,0.01117757149040699,0.016542969271540642,0.022330593317747116,0.0054445392452180386,0.002666151151061058,0.0021081543527543545,0.002245686948299408,0.004103800281882286,0.007405802607536316,0.01244472898542881,0.020812243223190308,0.029434407129883766,0.011091240681707859,0.01576300710439682,0.02164543978869915,0.01435919851064682,0.008577338419854641,0.004525892436504364,0.0011103651486337185,2.7194553695153445e-05,0.013454996980726719,0.012297295033931732,0.014583672396838665,0.017799749970436096,0.018764106556773186,0.016319647431373596,0.009168091230094433,0.010975952260196209,0.034794583916664124,0.02958984300494194,0.017996419221162796,0.030022379010915756,0.005664740689098835,0.0022395832929760218,0.00200636126101017,0.0019187418511137366,0.0018028428312391043,0.0018650309648364782,0.0020737710874527693,0.0025781928561627865,0.0024856228847056627,0.0026801214553415775,0.0035268147476017475,0.010961100459098816,0.010012749582529068,0.008858778513967991,0.014665459282696247,0.010086195543408394,0.01067538745701313,0.007251247763633728,0.0047821723856031895,0.0014316813321784139
annabelle,suprised,flipped,0.0076076253,0.0096565755,0.009334378,0.009965481,0.014147745,0.009959242,0.0049742972,0.0045095487,0.0055207657,0.0069538034,0.009244588,0.007460124,0.004751248,0.0037656657,0.0046735974,0.011676026,0.02373196,0.013835314,0.009478692,0.0077696396,0.005349189,0.005159844,0.0064398195,0.011124539,0.02379347,0.05847019,0.031735364,0.0078044296,0.003742201,0.0006745741,1.4512804e-05,8.884006e-06,0.0075830756686627865,0.010640190914273262,0.011272786185145378,0.01206325925886631,0.016670463606715202,0.01753438264131546,0.013315971940755844,0.007381591945886612,0.0045654973946511745,0.004292873665690422,0.005414971150457859,0.00878194160759449,0.01117757149040699,0.016542969271540642,0.022330593317747116,0.0054445392452180386,0.002666151151061058,0.0021081543527543545,0.002245686948299408,0.004103800281882286,0.007405802607536316,0.01244472898542881,0.020812243223190308,0.029434407129883766,0.011091240681707859,0.01576300710439682,0.02164543978869915,0.01435919851064682,0.008577338419854641,0.004525892436504364,0.0011103651486337185,2.7194553695153445e-05,0.013454996980726719,0.012297295033931732,0.014583672396838665,0.017799749970436096,0.018764106556773186,0.016319647431373596,0.009168091230094433,0.010975952260196209,0.034794583916664124,0.02958984300494194,0.017996419221162796,0.030022379010915756,0.005664740689098835,0.0022395832929760218,0.00200636126101017,0.0019187418511137366,0.0018028428312391043,0.0018650309648364782,0.0020737710874527693,0.0025781928561627865,0.0024856228847056627,0.0026801214553415775,0.0035268147476017475,0.010961100459098816,0.010012749582529068,0.008858778513967991,0.014665459282696247,0.010086195543408394,0.01067538745701313,0.007251247763633728,0.0047821723856031895,0.0014316813321784139
annabelle,suprised,grayscale,0.023209432,0.02983846,0.032480266,0.0324294,0.046626586,0.04243286,0.031465456,0.033688966,0.021142578,0.013857625,0.013260498,0.015888875,0.023506876,0.043023072,0.078147784,0.034235433,0.013885905,0.008157145,0.009428304,0.017174073,0.031961873,0.058238525,0.097839765,0.019915976,0.036392212,0.049268797,0.06715719,0.042029418,0.020392455,0.01093221,0.0019620769,2.9907227e-05,,,,,,,,,,,,,,,,,,,,,,,,,,,,,,,,,,,,,,,,,,,,,,,,,,,,,,,,,,,,,,,,
tamanda,neutral,original,2.6147234e-05,0.0010509697,0.0028025548,0.0029806916,0.0034730611,0.0037354191,0.0035058735,0.003400259,0.0033717814,0.00331958,0.0032184403,0.0030976783,0.0029935087,0.0030478074,0.0035512233,0.004519929,0.0058581457,0.0075477418,0.009451689,0.0119623365,0.015056286,0.017932668,0.019147139,0.018897505,0.017824583,0.017254611,0.016431743,0.014469441,0.016866878,0.038260534,0.04729373,0.010983377,0.000993967754766345,0.0032954837661236525,0.0036176866851747036,0.00438201567158103,0.0046752747148275375,0.00468156673014164,0.004759495612233877,0.005328303202986717,0.006966723129153252,0.008663776330649853,0.009152930229902267,0.009444278664886951,0.009954825043678284,0.01040743850171566,0.011551391333341599,0.013592833653092384,0.015050972811877728,0.016010263934731483,0.016355864703655243,0.015909962356090546,0.015194572508335114,0.013425090350210667,0.01215958222746849,0.013905760832130909,0.02329937554895878,0.03560083359479904,0.027109602466225624,0.013259490951895714,0.0037830062210559845,0.000680294178891927,0.00011386397818569094,6.804806162108434e-06,0.0018849312327802181,0.003995633218437433,0.004540110472589731,0.005951175931841135,0.007924476638436317,0.009841660968959332,0.010994422249495983,0.011730693280696869,0.012360883876681328,0.013163338415324688,0.014095783233642578,0.014609918929636478,0.014752539806067944,0.014948480762541294,0.014884534291923046,0.014512646943330765,0.013626530766487122,0.013196430169045925,0.015752892941236496,0.02291126921772957,0.02909502014517784,0.023686271160840988,0.016471220180392265,0.012233782559633255,0.006508796941488981,0.003945901989936829,0.00282902829349041,0.001695095794275403,0.0008152716909535229,0.0003138134197797626,5.57900893909391e-05,4.9870841394294985e-06
tamanda,neutral,rotated,2.6147234e-05,0.0010509697,0.0028025548,0.0029806916,0.0034730611,0.0037354191,0.0035058735,0.003400259,0.0033717814,0.00331958,0.0032184403,0.0030976783,0.0029935087,0.0030478074,0.0035512233,0.004519929,0.0058581457,0.0075477418,0.009451689,0.0119623365,0.015056286,0.017932668,0.019147139,0.018897505,0.017824583,0.017254611,0.016431743,0.014469441,0.016866878,0.038260534,0.04729373,0.010983377,0.000993967754766345,0.0032954837661236525,0.0036176866851747036,0.00438201567158103,0.0046752747148275375,0.00468156673014164,0.004759495612233877,0.005328303202986717,0.006966723129153252,0.008663776330649853,0.009152930229902267,0.009444278664886951,0.009954825043678284,0.01040743850171566,0.011551391333341599,0.013592833653092384,0.015050972811877728,0.016010263934731483,0.016355864703655243,0.015909962356090546,0.015194572508335114,0.013425090350210667,0.01215958222746849,0.013905760832130909,0.02329937554895878,0.03560083359479904,0.027109602466225624,0.013259490951895714,0.0037830062210559845,0.000680294178891927,0.00011386397818569094,6.804806162108434e-06,0.0018849312327802181,0.003995633218437433,0.004540110472589731,0.005951175931841135,0.007924476638436317,0.009841660968959332,0.010994422249495983,0.011730693280696869,0.012360883876681328,0.013163338415324688,0.014095783233642578,0.014609918929636478,0.014752539806067944,0.014948480762541294,0.014884534291923046,0.014512646943330765,0.013626530766487122,0.013196430169045925,0.015752892941236496,0.02291126921772957,0.02909502014517784,0.023686271160840988,0.016471220180392265,0.012233782559633255,0.006508796941488981,0.003945901989936829,0.00282902829349041,0.001695095794275403,0.0008152716909535229,0.0003138134197797626,5.57900893909391e-05,4.9870841394294985e-06
tamanda,neutral,flipped,2.6147234e-05,0.0010509697,0.0028025548,0.0029806916,0.0034730611,0.0037354191,0.0035058735,0.003400259,0.0033717814,0.00331958,0.0032184403,0.0030976783,0.0029935087,0.0030478074,0.0035512233,0.004519929,0.0058581457,0.0075477418,0.009451689,0.0119623365,0.015056286,0.017932668,0.019147139,0.018897505,0.017824583,0.017254611,0.016431743,0.014469441,0.016866878,0.038260534,0.04729373,0.010983377,0.000993967754766345,0.0032954837661236525,0.0036176866851747036,0.00438201567158103,0.0046752747148275375,0.00468156673014164,0.004759495612233877,0.005328303202986717,0.006966723129153252,0.008663776330649853,0.009152930229902267,0.009444278664886951,0.009954825043678284,0.01040743850171566,0.011551391333341599,0.013592833653092384,0.015050972811877728,0.016010263934731483,0.016355864703655243,0.015909962356090546,0.015194572508335114,0.013425090350210667,0.01215958222746849,0.013905760832130909,0.02329937554895878,0.03560083359479904,0.027109602466225624,0.013259490951895714,0.0037830062210559845,0.000680294178891927,0.00011386397818569094,6.804806162108434e-06,0.0018849312327802181,0.003995633218437433,0.004540110472589731,0.005951175931841135,0.007924476638436317,0.009841660968959332,0.010994422249495983,0.011730693280696869,0.012360883876681328,0.013163338415324688,0.014095783233642578,0.014609918929636478,0.014752539806067944,0.014948480762541294,0.014884534291923046,0.014512646943330765,0.013626530766487122,0.013196430169045925,0.015752892941236496,0.02291126921772957,0.02909502014517784,0.023686271160840988,0.016471220180392265,0.012233782559633255,0.006508796941488981,0.003945901989936829,0.00282902829349041,0.001695095794275403,0.0008152716909535229,0.0003138134197797626,5.57900893909391e-05,4.9870841394294985e-06
tamanda,neutral,grayscale,0.0011720114,0.008617821,0.00971139,0.01137167,0.012791451,0.0122734,0.012567871,0.012798582,0.013155275,0.015732246,0.020584026,0.024505412,0.025860734,0.028586337,0.032220244,0.03639569,0.041795444,0.048226684,0.050217792,0.05074633,0.049902488,0.048301354,0.04311399,0.03783323,0.043207537,0.082845345,0.11952516,0.073334046,0.027617352,0.004498583,0.00048001847,1.0486859e-05,,,,,,,,,,,,,,,,,,,,,,,,,,,,,,,,,,,,,,,,,,,,,,,,,,,,,,,,,,,,,,,,
tamanda,smile,original,3.6028185e-05,0.0016059342,0.0022289935,0.002465577,0.0027830724,0.0028459004,0.0027094781,0.002667018,0.0025711914,0.0024936353,0.0024221381,0.0024795595,0.0026777843,0.0032666333,0.004429649,0.0057520187,0.0065940437,0.007573143,0.009762753,0.012796625,0.016167007,0.019640815,0.019958962,0.017845279,0.016536377,0.016290426,0.014806,0.012483044,0.014830049,0.03940444,0.052562978,0.0126467785,0.0012037049746140838,0.002991411369293928,0.003111054887995124,0.0036396391224116087,0.003930754493921995,0.0037859890144318342,0.004082371015101671,0.005573043134063482,0.007942933589220047,0.008396897464990616,0.008668064139783382,0.00960927177220583,0.010189964435994625,0.01051184069365263,0.011919783428311348,0.014524439349770546,0.015755223110318184,0.015758439898490906,0.01569775491952896,0.015288115479052067,0.013680643402040005,0.01179142389446497,0.0110866604372859,0.014371237717568874,0.026623617857694626,0.038463372737169266,0.027195174247026443,0.013167252764105797,0.003592471592128277,0.000653494440484792,0.00012160095502622426,5.686207714461489e-06,0.0021705932449549437,0.0037295930087566376,0.004612539894878864,0.007095781620591879,0.009402098134160042,0.009793654084205627,0.01003102958202362,0.010973076336085796,0.011951710097491741,0.01268597599118948,0.013364266604185104,0.013848712667822838,0.013980520889163017,0.014560234732925892,0.015196483582258224,0.014462403953075409,0.01383654773235321,0.0141935208812356,0.017743578180670738,0.02641196921467781,0.03029513731598854,0.02134583704173565,0.016050392761826515,0.011224200949072838,0.005648035556077957,0.0036734300665557384,0.002697313204407692,0.001421598601154983,0.0006391390925273299,0.00023402007354889065,5.331985084922053e-05,6.61837293591816e-06
tamanda,smile,rotated,3.6028185e-05,0.0016059342,0.0022289935,0.002465577,0.0027830724,0.0028459004,0.0027094781,0.002667018,0.0025711914,0.0024936353,0.0024221381,0.0024795595,0.0026777843,0.0032666333,0.004429649,0.0057520187,0.0065940437,0.007573143,0.009762753,0.012796625,0.016167007,0.019640815,0.019958962,0.017845279,0.016536377,0.016290426,0.014806,0.012483044,0.014830049,0.03940444,0.052562978,0.0126467785,0.0012037049746140838,0.002991411369293928,0.003111054887995124,0.0036396391224116087,0.003930754493921995,0.0037859890144318342,0.004082371015101671,0.005573043134063482,0.007942933589220047,0.008396897464990616,0.008668064139783382,0.00960927177220583,0.010189964435994625,0.01051184069365263,0.011919783428311348,0.014524439349770546,0.015755223110318184,0.015758439898490906,0.01569775491952896,0.015288115479052067,0.013680643402040005,0.01179142389446497,0.0110866604372859,0.014371237717568874,0.026623617857694626,0.038463372737169266,0.027195174247026443,0.013167252764105797,0.003592471592128277,0.000653494440484792,0.00012160095502622426,5.686207714461489e-06,0.0021705932449549437,0.0037295930087566376,0.004612539894878864,0.007095781620591879,0.009402098134160042,0.009793654084205627,0.01003102958202362,0.010973076336085796,0.011951710097491741,0.01268597599118948,0.013364266604185104,0.013848712667822838,0.013980520889163017,0.014560234732925892,0.015196483582258224,0.014462403953075409,0.01383654773235321,0.0141935208812356,0.017743578180670738,0.02641196921467781,0.03029513731598854,0.02134583704173565,0.016050392761826515,0.011224200949072838,0.005648035556077957,0.0036734300665557384,0.002697313204407692,0.001421598601154983,0.0006391390925273299,0.00023402007354889065,5.331985084922053e-05,6.61837293591816e-06
tamanda,smile,flipped,3.6028185e-05,0.0016059342,0.0022289935,0.002465577,0.0027830724,0.0028459004,0.0027094781,0.002667018,0.0025711914,0.0024936353,0.0024221381,0.0024795595,0.0026777843,0.0032666333,0.004429649,0.0057520187,0.0065940437,0.007573143,0.009762753,0.012796625,0.016167007,0.019640815,0.019958962,0.017845279,0.016536377,0.016290426,0.014806,0.012483044,0.014830049,0.03940444,0.052562978,0.0126467785,0.0012037049746140838,0.002991411369293928,0.003111054887995124,0.0036396391224116087,0.003930754493921995,0.0037859890144318342,0.004082371015101671,0.005573043134063482,0.007942933589220047,0.008396897464990616,0.008668064139783382,0.00960927177220583,0.010189964435994625,0.01051184069365263,0.011919783428311348,0.014524439349770546,0.015755223110318184,0.015758439898490906,0.01569775491952896,0.015288115479052067,0.013680643402040005,0.01179142389446497,0.0110866604372859,0.014371237717568874,0.026623617857694626,0.038463372737169266,0.027195174247026443,0.013167252764105797,0.003592471592128277,0.000653494440484792,0.00012160095502622426,5.686207714461489e-06,0.0021705932449549437,0.0037295930087566376,0.004612539894878864,0.007095781620591879,0.009402098134160042,0.009793654084205627,0.01003102958202362,0.010973076336085796,0.011951710097491741,0.01268597599118948,0.013364266604185104,0.013848712667822838,0.013980520889163017,0.014560234732925892,0.015196483582258224,0.014462403953075409,0.01383654773235321,0.0141935208812356,0.017743578180670738,0.02641196921467781,0.03029513731598854,0.02134583704173565,0.016050392761826515,0.011224200949072838,0.005648035556077957,0.0036734300665557384,0.002697313204407692,0.001421598601154983,0.0006391390925273299,0.00023402007354889065,5.331985084922053e-05,6.61837293591816e-06
tamanda,smile,grayscale,0.0014481653,0.008491699,0.0083995545,0.009335122,0.010518459,0.010261042,0.009863799,0.010253072,0.012300386,0.018351862,0.023020193,0.023374649,0.025460275,0.02960566,0.033278577,0.0374771,0.04445687,0.0510889,0.05100109,0.048235077,0.04744996,0.044404715,0.0377766,0.03381019,0.044458687,0.09266664,0.12766981,0.07383448,0.02699597,0.004202294,0.0004960983,1.3003705e-05,,,,,,,,,,,,,,,,,,,,,,,,,,,,,,,,,,,,,,,,,,,,,,,,,,,,,,,,,,,,,,,,
tamanda,suprised,original,4.2786385e-05,0.0014696517,0.0022106299,0.002298673,0.0024759707,0.0026700473,0.0026139778,0.0024597044,0.0022906095,0.002275229,0.0024508955,0.0025190366,0.002603351,0.0030550316,0.0038803709,0.004383367,0.005009316,0.006608912,0.0094474945,0.012965206,0.015800526,0.016651733,0.015849605,0.015437122,0.01714471,0.01819717,0.013944353,0.012558922,0.018478451,0.047548767,0.054887753,0.013103959,0.001065324991941452,0.0028082875069230795,0.0029631201177835464,0.003557282267138362,0.004081205930560827,0.004092718008905649,0.003997543826699257,0.004845721181482077,0.0060521760024130344,0.006222342606633902,0.0065492065623402596,0.007481558248400688,0.00831826962530613,0.009320766665041447,0.010799134150147438,0.01270354725420475,0.014099138788878918,0.01503605768084526,0.01533388439565897,0.015054607763886452,0.015329830348491669,0.014283614233136177,0.01231077965348959,0.01721084676682949,0.031791262328624725,0.04286929965019226,0.026880988851189613,0.012477451004087925,0.004506692755967379,0.001078748144209385,0.00020232646784279495,9.601301826478448e-06,0.002093689749017358,0.003693192033097148,0.004271787125617266,0.005713566672056913,0.007042787969112396,0.007894647307693958,0.008243883028626442,0.008668996393680573,0.009701229631900787,0.0115570779889822,0.013383561745285988,0.014050526544451714,0.013795485720038414,0.013145674020051956,0.01283381786197424,0.013049987144768238,0.014163085259497166,0.01821996085345745,0.024901581928133965,0.03386696055531502,0.032207101583480835,0.021818678826093674,0.014175343327224255,0.008094689808785915,0.004816730506718159,0.004019216634333134,0.0033500620629638433,0.0025741741992533207,0.0013634314527735114,0.0004902723012492061,0.0001184782013297081,1.3656220289703924e-05
tamanda,suprised,rotated,4.2786385e-05,0.0014696517,0.0022106299,0.002298673,0.0024759707,0.0026700473,0.0026139778,0.0024597044,0.0022906095,0.002275229,0.0024508955,0.0025190366,0.002603351,0.0030550316,0.0038803709,0.004383367,0.005009316,0.006608912,0.0094474945,0.012965206,0.015800526,0.016651733,0.015849605,0.015437122,0.01714471,0.01819717,0.013944353,0.012558922,0.018478451,0.047548767,0.054887753,0.013103959,0.001065324991941452,0.0028082875069230795,0.0029631201177835464,0.003557282267138362,0.004081205930560827,0.004092718008905649,0.003997543826699257,0.004845721181482077,0.0060521760024130344,0.006222342606633902,0.0065492065623402596,0.007481558248400688,0.00831826962530613,0.009320766665041447,0.010799134150147438,0.01270354725420475,0.014099138788878918,0.01503605768084526,0.01533388439565897,0.015054607763886452,0.015329830348491669,0.014283614233136177,0.01231077965348959,0.01721084676682949,0.031791262328624725,0.04286929965019226,0.026880988851189613,0.012477451004087925,0.004506692755967379,0.001078748144209385,0.00020232646784279495,9.601301826478448e-06,0.002093689749017358,0.003693192033097148,0.004271787125617266,0.005713566672056913,0.007042787969112396,0.007894647307693958,0.008243883028626442,0.008668996393680573,0.009701229631900787,0.0115570779889822,0.013383561745285988,0.014050526544451714,0.013795485720038414,0.013145674020051956,0.01283381786197424,0.013049987144768238,0.014163085259497166,0.01821996085345745,0.024901581928133965,0.03386696055531502,0.032207101583480835,0.021818678826093674,0.014175343327224255,0.008094689808785915,0.004816730506718159,0.004019216634333134,0.0033500620629638433,0.0025741741992533207,0.0013634314527735114,0.0004902723012492061,0.0001184782013297081,1.3656220289703924e-05
tamanda,suprised,flipped,4.2786385e-05,0.0014696517,0.0022106299,0.002298673,0.0024759707,0.0026700473,0.0026139778,0.0024597044,0.0022906095,0.002275229,0.0024508955,0.0025190366,0.002603351,0.0030550316,0.0038803709,0.004383367,0.005009316,0.006608912,0.0094474945,0.012965206,0.015800526,0.016651733,0.015849605,0.015437122,0.01714471,0.01819717,0.013944353,0.012558922,0.018478451,0.047548767,0.054887753,0.013103959,0.001065324991941452,0.0028082875069230795,0.0029631201177835464,0.003557282267138362,0.004081205930560827,0.004092718008905649,0.003997543826699257,0.004845721181482077,0.0060521760024130344,0.006222342606633902,0.0065492065623402596,0.007481558248400688,0.00831826962530613,0.009320766665041447,0.010799134150147438,0.01270354725420475,0.014099138788878918,0.01503605768084526,0.01533388439565897,0.015054607763886452,0.015329830348491669,0.014283614233136177,0.01231077965348959,0.01721084676682949,0.031791262328624725,0.04286929965019226,0.026880988851189613,0.012477451004087925,0.004506692755967379,0.001078748144209385,0.00020232646784279495,9.601301826478448e-06,0.002093689749017358,0.003693192033097148,0.004271787125617266,0.005713566672056913,0.007042787969112396,0.007894647307693958,0.008243883028626442,0.008668996393680573,0.009701229631900787,0.0115570779889822,0.013383561745285988,0.014050526544451714,0.013795485720038414,0.013145674020051956,0.01283381786197424,0.013049987144768238,0.014163085259497166,0.01821996085345745,0.024901581928133965,0.03386696055531502,0.032207101583480835,0.021818678826093674,0.014175343327224255,0.008094689808785915,0.004816730506718159,0.004019216634333134,0.0033500620629638433,0.0025741741992533207,0.0013634314527735114,0.0004902723012492061,0.0001184782013297081,1.3656220289703924e-05
tamanda,suprised,grayscale,0.0013927947,0.007750907,0.00790038,0.008694724,0.010058296,0.0101389745,0.010426594,0.009917352,0.011250721,0.015460986,0.016634116,0.016939213,0.020591715,0.025579406,0.029763803,0.03495214,0.040550865,0.044579916,0.04488823,0.04557197,0.046622895,0.048130486,0.044654164,0.037341606,0.05523708,0.114129744,0.13764645,0.069230184,0.027407475,0.005669056,0.0008632782,2.4469336e-05,,,,,,,,,,,,,,,,,,,,,,,,,,,,,,,,,,,,,,,,,,,,,,,,,,,,,,,,,,,,,,,,
